Workbook

Sheet Matriz Ckeck LIst
C3: MATRIZ PARA COMPROBACIÓN REQUERIMIENTOS DE CALIDAD DE PROYECTO ACADEMICO
D5: SISTEMA: | E5: Sistema de Gestión y Control de Mantenimiento de Equipos Electrónicos
F6: Requerimientos Funcionales
B7: Nº | C7: CRITERIOS DE CALIDAD (Documento/Requerimientos) | E7: Status Nivel de Acuerdo | F7: CU001.3 Gestion de estadísticas | G7: Status Nivel de Acuerdo | I7: CU000.4.Gestionar Cliente | K7: CU000.3.Gestionar Mantenimientos
B9: 1 | C9: Agreed | E9: OK | F9: 1. Minuta de la entrevista donde se especifica la necesidad de estadísticas 2. Validación del cliente sobre reportes (volumen y tipos de mantenimiento) 3. Aceptación del equipo de desarrollo | G9: OK | I9: 1.Aceptación por el grupo para la administración de perfiles. | J9: OK | K9: 1. Videoconferencia de la entrevista 2. Minuta de la entrevista 3. Aceptación por videoconferencia
B10: 2 | C10: Ranked | E10: OK | F10: 1, En el SRS se define como prioridad Media/Deseada (no crítica pero importante para toma de decisiones) | G10: OK | I10: 1. En la descripción del caso de Uso se especifica la prioridad Alta | J10: NOK | K10: 1. En la descripción del caso de Uso se especifica la prioridad Alta
B11: 3 | C11: Unambiguos | E11: OK | F11: 1. Redacción clara: “volumen de mantenimientos” y “tipos más recurrentes” 2. No genera ambigüedad en su interpretación | G11: OK | I11: 1. Redacción en lenguaje claro. 2. El equipo interpreta de igual manera el flujo de registro y consulta de clientes. | J11: OK | K11: 1. Redacción en lenguaje claro. 2. El tutor y el equipo interpretan de igual manera el caso de uso
B12: 4 | C12: Valid and up-to date | E12: OK | F12: 1. Basado en la última entrevista con el cliente 2. Incluye requerimientos actuales de reportes estadísticos | G12: OK | I12: 1. Toda nueva información ha sido incorporada. 2. Se han incorporado validaciones de cédula y dominios de correo. | J12: OK | K12: 1. Toda nueva información ha sido incorporada, se han incorporado los últimos cambios pedidos luego del feedback realizado por el cliente
B13: 5 | C13: Correct | E13: OK | F13: 1. Alineado con los objetivos del sistema (análisis y control) 2. Refleja la necesidad del cliente de obtener estadísticas para decisiones | G13: OK | I13: 1. Está alineado con los objetivos de administración y control del sistema. 2. Refleja lo que realmente necesita el cliente para gestionar su perfil. | J13: OK | K13: 1. Está alineado con los objetivos del sistema. 2. Refleja lo que realmente necesita el cliente.
B14: 6 | C14: Consisten | E14: OK | F14: 1. Usa terminología consistente con el sistema (mantenimientos, reportes, estadísticas) 2. Relacionado con otros módulos como gestión de mantenimientos | G14: OK | I14: 1. Documentación basada en modelos de Casos de Uso del DCC. 2. Usa términos definidos como "Administrador" y "Cliente". | J14: NOK | K14: 1. Documentación basada en modelos: Diagrama de Casos de Uso 2. Usa términos definidos previamente.
B15: 7 | C15: Verifiable | E15: NOK | F15: 1. Requisito Medible 2. Falta Casos de Prueba | G15: NOK | I15: 1. Requisito Medible mediante validación de formatos (Cédula, Correo). 2. Faltan Casos de Prueba para los flujos de excepciones. | J15: NOK | K15: 1. Requisito Medible 2. Falta Casos de Prueba
B16: 8 | C16: Realizable | E16: NOK | F16: 1. No se ha desarrollado | G16: NOK | I16: 1. Funcionalidad tomada en cuenta dentro de la ingeniería de requisitos del proyecto. 2. No se ha desarrollado aún la lógica de persistencia en la base de datos. | J16: NOK | K16: 1. Funcionalidad tomada en cuenta dentro de la estimación del costo del proyecto (900$) 2. No se ha desarrollado
B17: 9 | C17: Traceable | E17: OK | F17: 1. Relacionado con RF19 y RF20 del SRS2. Cuenta con un identificador único | G17: OK | I17: 1. Es claro el origen del requisito en el módulo de Administración. 2. Cuenta con identificadores únicos (CU3, CU4, CU15, CU16). | J17: OK | K17: 1. Es claro el origen del requisito y sus relaciones con otros requisitos (matriz de trazabilidad cliente/casos de uso y casos de uso/casos de uso) 2. Cuenta con un identificador único
B18: 10 | C18: Complete | E18: OK | F18: 1. Contiene toda la información necesaria (entradas, salidas, precondiciones, postcondiciones) para entender y diseñar la función. 2. Describe completamente la funcionalidad esperada. | G18: OK | I18: 1. Contiene toda la información necesaria (entradas como cédula/correo, salidas, precondiciones y postcondiciones). 2. Describe completamente la funcionalidad de registro y edición. | J18: OK | K18: 1. Contiene toda la información necesaria (entradas, salidas, precondiciones, postcondiciones) para entender y diseñar la función. 2. Describe completamente la funcionalidad esperada.
B19: 11 | C19: Understandability | E19: OK | F19: 1. Se involucra al cliente permitiéndole gestionar su propio perfil. 2. Pasos estructurados en la secuencia normal de eventos | G19: OK | I19: 1. Se involucra al cliente permitiéndole gestionar su propio perfil. 2. Pasos estructurados en la secuencia normal de eventos | J19: NOK | K19: 1. Se involucra al cliente 2. Existe glosario de términos

Sheet MODELO LISTA DE COMPROBACION - 
B1: SISTEMA: | C1: Sistema de Gestión y Control de Mantenimiento de Equipos Electrónicos
B2: FECHA: | C2: 46126
B3: AUTOR: | C3: Sebastián Lasso
B4: REQUERIMIENTOS EVALUADOS :
A6: CONTENIDO
A7: No. | B7: Pregunta | C7: SI | D7: NO
A8: 1 | B8: Todos los requerimientos relevantes se han documentado? | C8: X
A9: 2 | B9: Se han implementado las funciones requeridas? | D9: X
A10: 3 | B10: Existe algún mecanismo que permita seguir el impacto de dicho requerimiento a lo largo del resto de las actividades del ciclo productivo.? | C10: X
A11: 4 | B11: El origen de cada requerimento individual está claro ? | C11: X
A12: 5 | B12: Que tan facil es devolverse a los requerimientos? | C12: X
A13: 6 | B13: Los requerimientos reflejan las necesidades y deseos del cliente? | C13: X
A14: 7 | B14: No hay contradicciones entre los requerimientos? | C14: X
A15: 8 | B15: El requerimiento que se esta especificando contribuye a alcanzar un objetivo definido ? | C15: X
A16: 9 | B16: Existe un proceso acotado (en plazo y presupuesto) que permita determinar que el sistema construido satisface lo descrito en el propio requerimiento? | D16: X
A17: SUMATORIA: | C17: =COUNTA('MODELO LISTA DE COMPROBACION - '!$C$8:$C$16) -> 7 | D17: =COUNTA('MODELO LISTA DE COMPROBACION - '!$D$8:$D$16) -> 2
A18: PORCENTAJE : | C18: =C17/9 -> 0.77777778 | D18: =D17/9 -> 0.22222222
A20: DOCUMENTACIÓN
A21: No. | B21: Pregunta | C21: SI | D21: NO
A22: 1 | B22: Aplica un estandar para la documetación de requerimiento? | C22: X
A23: 2 | B23: Cumple con la estructura definida por el estandar? | C23: X
A24: 3 | B24: Utiliza un Glosario de términos normalizado? | D24: X
A25: 4 | B25: Los requerimientos Funcionales estan sujetos a una única interpretación? | C25: X
A26: 5 | B26: El modelo aplicado cumple con la sintaxis? | C26: X
A27: SUMATORIA: | C27: =COUNTA('MODELO LISTA DE COMPROBACION - '!$C$22:$C$26) -> 4 | D27: =COUNTA('MODELO LISTA DE COMPROBACION - '!$D$22:$D$26) -> 1
A28: PORCENTAJE : | C28: =C27/5 -> 0.8 | D28: =D27/5 -> 0.2
A30: NIVEL DE ACUERDO
A31: No. | B31: Pregunta | C31: SI | D31: NO
A32: 1 | B32: Todos los requerimientos han sido acordados con todos los interesados? | C32: X
A33: 2 | B33: Todos los requerimientos modificados han sido acordados por todos los implicados? | C33: X
A34: 3 | B34: Han sido resueltos todos los conflictos conocidos respectos de los requerimientos? | C34: X
A35: SUMATORIA: | C35: =COUNTA('MODELO LISTA DE COMPROBACION - '!$C$32:$C$34) -> 3 | D35: =COUNTA('MODELO LISTA DE COMPROBACION - '!$D$32:$D$34) -> 0
A36: PORCENTAJE : | C36: =C35/3 -> 1 | D36: =D35/3 -> 0
A40: RESUMEN
B41: CONTENIDO | C41: 78
B42: DOCUMENTACIÓN | C42: 80
B43: NIVEL DE ACUERDO | C43: 100

Sheet MODELO LISTA DE COMPROBACIO CU0
B1: SISTEMA: | C1: Sistema de Gestión y Control de Mantenimiento de Equipos Electrónicos
B2: FECHA: | C2: 46126
B3: AUTOR: | C3: Yuliana Valencia
B4: REQUERIMIENTOS EVALUADOS : | C4: CU000.4 Gestionar Datos de conejos
A6: CONTENIDO
A7: No. | B7: Pregunta | C7: SI | D7: NO
A8: 1 | B8: Todos los requerimientos relevantes se han documentado? | C8: X
A9: 2 | B9: Se han implementado las funciones requeridas? | D9: X
A10: 3 | B10: Existe algún mecanismo que permita seguir el impacto de dicho requerimiento a lo largo del resto de las actividades del ciclo productivo.? | C10: X
A11: 4 | B11: El origen de cada requerimento individual está claro ? | C11: X
A12: 5 | B12: Que tan facil es devolverse a los requerimientos? | C12: X
A13: 6 | B13: Los requerimientos reflejan las necesidades y deseos del cliente? | C13: X
A14: 7 | B14: No hay contradicciones entre los requerimientos? | C14: X
A15: 8 | B15: El requerimiento que se esta especificando contribuye a alcanzar un objetivo definido ? | C15: X
A16: 9 | B16: Existe un proceso acotado (en plazo y presupuesto) que permita determinar que el sistema construido satisface lo descrito en el propio requerimiento? | D16: X
A17: SUMATORIA: | C17: =COUNTA('MODELO LISTA DE COMPROBACIO CU0'!$C$8:$C$16) -> 7 | D17: =COUNTA('MODELO LISTA DE COMPROBACIO CU0'!$D$8:$D$16) -> 2
A18: PORCENTAJE : | C18: =C17/9 -> 0.77777778 | D18: =D17/9 -> 0.22222222
A20: DOCUMENTACIÓN
A21: No. | B21: Pregunta | C21: SI | D21: NO
A22: 1 | B22: Aplica un estandar para la documetación de requerimiento? | C22: X
A23: 2 | B23: Cumple con la estructura definida por el estandar? | C23: X
A24: 3 | B24: Utiliza un Glosario de términos normalizado? | C24: X
A25: 4 | B25: Los requerimientos Funcionales estan sujetos a una única interpretación? | C25: X
A26: 5 | B26: El modelo aplicado cumple con la sintaxis? | C26: X
A27: SUMATORIA: | C27: =COUNTA('MODELO LISTA DE COMPROBACIO CU0'!$C$22:$C$26) -> 5 | D27: =COUNTA('MODELO LISTA DE COMPROBACIO CU0'!$D$22:$D$26) -> 0
A28: PORCENTAJE : | C28: =C27/5 -> 1 | D28: =D27/5 -> 0
A30: NIVEL DE ACUERDO
A31: No. | B31: Pregunta | C31: SI | D31: NO
A32: 1 | B32: Todos los requerimientos han sido acordados con todos los interesados? | C32: X
A33: 2 | B33: Todos los requerimientos modificados han sido acordados por todos los implicados? | C33: X
A34: 3 | B34: Han sido resueltos todos los conflictos conocidos respectos de los requerimientos? | C34: X
A35: SUMATORIA: | C35: =COUNTA('MODELO LISTA DE COMPROBACIO CU0'!$C$32:$C$34) -> 3 | D35: =COUNTA('MODELO LISTA DE COMPROBACIO CU0'!$D$32:$D$34) -> 0
A36: PORCENTAJE : | C36: =C35/3 -> 1 | D36: =D35/3 -> 0
A40: RESUMEN
B41: CONTENIDO | C41: 89
B42: DOCUMENTACIÓN | C42: 100
B43: NIVEL DE ACUERDO | C43: 100

Sheet MODELO LISTA DE COMPROBACIO (3)
B1: SISTEMA: | C1: Sistema de Gestión y Control de Mantenimiento de Equipos Electrónicos
B2: FECHA: | C2: 46126
B3: AUTOR: | C3: Villarroel Justin
B4: REQUERIMIENTOS EVALUADOS : | C4: CU000.3 Gestionar Mantenimientos
A6: CONTENIDO
A7: No. | B7: Pregunta | C7: SI | D7: NO
A8: 1 | B8: Todos los requerimientos relevantes se han documentado? | C8: X
A9: 2 | B9: Se han implementado las funciones requeridas? | C9: X
A10: 3 | B10: Existe algún mecanismo que permita seguir el impacto de dicho requerimiento a lo largo del resto de las actividades del ciclo productivo.? | C10: X
A11: 4 | B11: El origen de cada requerimento individual está claro ? | C11: X
A12: 5 | B12: Que tan facil es devolverse a los requerimientos? | C12: X
A13: 6 | B13: Los requerimientos reflejan las necesidades y deseos del cliente? | C13: X
A14: 7 | B14: No hay contradicciones entre los requerimientos? | C14: X
A15: 8 | B15: El requerimiento que se esta especificando contribuye a alcanzar un objetivo definido ? | C15: X
A16: 9 | B16: Existe un proceso acotado (en plazo y presupuesto) que permita determinar que el sistema construido satisface lo descrito en el propio requerimiento? | D16: X
A17: SUMATORIA: | C17: =COUNTA('MODELO LISTA DE COMPROBACIO (3)'!$C$8:$C$16) -> 8 | D17: =COUNTA('MODELO LISTA DE COMPROBACIO (3)'!$D$8:$D$16) -> 1
A18: PORCENTAJE : | C18: =C17/9 -> 0.88888889 | D18: =D17/9 -> 0.11111111
A20: DOCUMENTACIÓN
A21: No. | B21: Pregunta | C21: SI | D21: NO
A22: 1 | B22: Aplica un estandar para la documetación de requerimiento? | C22: X
A23: 2 | B23: Cumple con la estructura definida por el estandar? | C23: X
A24: 3 | B24: Utiliza un Glosario de términos normalizado? | D24: X
A25: 4 | B25: Los requerimientos Funcionales estan sujetos a una única interpretación? | C25: X
A26: 5 | B26: El modelo aplicado cumple con la sintaxis? | C26: X
A27: SUMATORIA: | C27: =COUNTA('MODELO LISTA DE COMPROBACIO (3)'!$C$22:$C$26) -> 4 | D27: =COUNTA('MODELO LISTA DE COMPROBACIO (3)'!$D$22:$D$26) -> 1
A28: PORCENTAJE : | C28: =C27/5 -> 0.8 | D28: =D27/5 -> 0.2
A30: NIVEL DE ACUERDO
A31: No. | B31: Pregunta | C31: SI | D31: NO
A32: 1 | B32: Todos los requerimientos han sido acordados con todos los interesados? | C32: X
A33: 2 | B33: Todos los requerimientos modificados han sido acordados por todos los implicados? | C33: X
A34: 3 | B34: Han sido resueltos todos los conflictos conocidos respectos de los requerimientos? | C34: X
A35: SUMATORIA: | C35: =COUNTA('MODELO LISTA DE COMPROBACIO (3)'!$C$32:$C$34) -> 3 | D35: =COUNTA('MODELO LISTA DE COMPROBACIO (3)'!$D$32:$D$34) -> 0
A36: PORCENTAJE : | C36: =C35/3 -> 1 | D36: =D35/3 -> 0
A40: RESUMEN
B41: CONTENIDO | C41: 89
B42: DOCUMENTACIÓN | C42: 80
B43: NIVEL DE ACUERDO | C43: 100

Sheet CU001.3 Gestion de estadísticas
A1: CU001.3 Gestion de estadísticas
A2: PREGUNTA | B2: RECOMENDACIÓN
A3: ¿Se han validado y aprobado formalmente todos los entregables de la entrevista (videoconferencia, minuta, acta de aceptación)? | B3: Actualmente no se cuenta con evidencia formal de validación y aprobación de todos los entregables relacionados con el módulo de gestión de estadísticas. Aunque existe una minuta de entrevista, no se dispone de actas firmadas o mecanismos que respalden la aceptación oficial por parte del cliente, tutor y equipo. Se recomienda formalizar estos entregables mediante actas o firmas digitales que garanticen la aprobación del alcance definido.
A4: ¿Se han definido criterios de aceptación y casos de prueba que permitan medir objetivamente el cumplimiento del requisito? | B4: No se han definido criterios de aceptación ni casos de prueba específicos para el módulo de gestión de estadísticas. Si bien el requisito describe funcionalidades como la consulta de volumen de mantenimientos y tipos más recurrentes, no se establecen mecanismos claros para validar su correcto funcionamiento. Se recomienda definir criterios medibles y casos de prueba desde la especificación del requisito, de manera que se pueda verificar objetivamente su cumplimiento.

Sheet RECOMENDACIONES - CU001.3 
A1: CU000.3 Gestionar Mantenimientos
A2: PREGUNTA | B2: RECOMENDACIÓN
A3: ¿Se han validado y aprobado formalmente todos los entregables de la entrevista (videoconferencia, minuta, acta de aceptación)? | B3: Al terminar cada sesión de descubrimiento, debemos levantar un acta o usar firmas digitales. De esta forma, queda un respaldo claro de que el tutor, el cliente y el equipo aprueban el alcance y el contenido del proyecto.
A4: ¿Se han definido criterios de aceptación y casos de prueba que permitan medir objetivamente el cumplimiento del requisito? | B4: Cada vez que se defina un requisito, escribir cómo se procedera a probar. Así, cuando se firme el acuerdo de la sesión, todos (cliente, tutor y equipo) tendran claras las funcionalidades del software.

Sheet RECOMENDACIONES - CU000.4
A1: CU000.4 Gestion Clientes
A2: PREGUNTA | B2: RECOMENDACIÓN
A3: ¿Se han validado y aprobado formalmente todos los entregables de la entrevista (videoconferencia, minuta, acta de aceptación)? | B3: Es necesario que el equipo de trabajo formalice la aceptación de los requisitos de gestión de perfiles mediante un acta firmada. Esto servirá como respaldo de que el cliente y los desarrolladores están de acuerdo con los flujos de registro y edición definidos.
A4: ¿Se han definido criterios de aceptación y casos de prueba que permitan medir objetivamente el cumplimiento del requisito? | B4: Se debe elaborar un plan de pruebas que valide específicamente las restricciones de seguridad y formato, como la validación de la cédula ecuatoriana y la unicidad de los correos electrónicos. Al definir estos casos de prueba, se podrá medir objetivamente si el sistema cumple con las reglas de negocio establecidas para los clientes.
